survey	year	serveyId	datum	label	tokyo_bytes
事業所・企業統計調査	2001	A002005512001	2000	小地域（町丁・大字）（JGD2000）	1822852
国勢調査	2000	A002005212000	2000	小地域（町丁・字等）（JGD2000）	5051926
国勢調査	2005	A002005212005	2000	小地域（町丁・字等）（JGD2000）	5185065
国勢調査	2010	A002005212010	2000	小地域（町丁・字等）（JGD2000）	5229118
国勢調査	2010	D002005212010	2000	人口集中地区（JGD2000）	403388
国勢調査	2015	A002005212015	2000	小地域（町丁・字等）（JGD2000）	5540311
国勢調査	2015	A002005212015	2011	小地域（町丁・字等）（JGD2011）	5540311
国勢調査	2015	D002005212015	2000	人口集中地区（JGD2000）	436065
国勢調査	2015	D002005212015	2011	人口集中地区（JGD2011）	436065
国勢調査	2020	A002005212020	2000	小地域（町丁・字等）（JGD2000）	5682172
国勢調査	2020	A002005212020	2011	小地域（町丁・字等）（JGD2011）	5682172
国勢調査	2020	B002005212020	2000	小地域（基本単位区）（JGD2000）	8111
国勢調査	2020	B002005212020	2011	小地域（基本単位区）（JGD2011）	8111
国勢調査	2020	D002005112020	2000	人口集中地区（JGD2000）	786800
国勢調査	2020	D002005112020	2011	人口集中地区（JGD2011）	786800
経済センサス－基礎調査	2009	A002005522009	2000	小地域（町丁・大字）（JGD2000）	7627155
経済センサス－基礎調査	2014	A002005522014	2000	小地域（町丁・大字）（JGD2000）	7189048
経済センサス－基礎調査	2014	A002005522014	2011	小地域（町丁・大字）（JGD2011）	7189048
経済センサス－活動調査	2012	A002005532012	2000	小地域（町丁・大字）（JGD2000）	7632176
経済センサス－活動調査	2012	A002005532012	2011	小地域（町丁・大字）（JGD2011）	7632176
経済センサス－活動調査	2016	A002005532016	2000	小地域（町丁・大字）（JGD2000）	7340306
経済センサス－活動調査	2016	A002005532016	2011	小地域（町丁・大字）（JGD2011）	7340306
経済センサス－活動調査	2021	A002005532021	2000	小地域（町丁・大字）（JGD2000）	8347507
経済センサス－活動調査	2021	A002005532021	2011	小地域（町丁・大字）（JGD2011）	8347507
農林業センサス	2005	A005002090500	2000	農林業経営体（JGD2000）	577937
農林業センサス	2005	A005002090501	2000	農業経営体（JGD2000）	577937
農林業センサス	2005	A005002090503	2000	販売農家（JGD2000）	577937
農林業センサス	2005	A005002090505	2000	総農家等（JGD2000）	577937
農林業センサス	2005	A005002090507	2000	農山村地域調査（JGD2000）	577937
農林業センサス	2010	A005002091000	2000	農林業経営体（JGD2000）	1028298
農林業センサス	2010	A005002091001	2000	農業経営体（JGD2000）	1028298
農林業センサス	2010	A005002091003	2000	販売農家（JGD2000）	1028298
農林業センサス	2010	A005002091005	2000	総農家等（JGD2000）	1028298
農林業センサス	2010	A005002091007	2000	農山村地域調査（JGD2000）	1028298
農林業センサス	2015	A005002091500	2000	農林業経営体（JGD2000）	4227789
農林業センサス	2015	A005002091500	2011	農林業経営体（JGD2011）	4227789
農林業センサス	2015	A005002091501	2000	農業経営体（JGD2000）	4227789
農林業センサス	2015	A005002091501	2011	農業経営体（JGD2011）	4227789
農林業センサス	2015	A005002091503	2000	販売農家（JGD2000）	4227789
農林業センサス	2015	A005002091503	2011	販売農家（JGD2011）	4227789
農林業センサス	2015	A005002091505	2000	総農家等（JGD2000）	4227789
農林業センサス	2015	A005002091505	2011	総農家等（JGD2011）	4227789
農林業センサス	2015	A005002091507	2000	農山村地域調査（JGD2000）	4227789
農林業センサス	2015	A005002091507	2011	農山村地域調査（JGD2011）	4227789
農林業センサス	2020	A005002092000	2000	農林業経営体（JGD2000）	4255925
農林業センサス	2020	A005002092000	2011	農林業経営体（JGD2011）	4255925
農林業センサス	2020	A005002092001	2000	農業経営体（JGD2000）	4255925
農林業センサス	2020	A005002092001	2011	農業経営体（JGD2011）	4255925
農林業センサス	2020	A005002092002	2000	農業経営体（個人経営体）（JGD2000）	4255925
農林業センサス	2020	A005002092002	2011	農業経営体（個人経営体）（JGD2011）	4255925
農林業センサス	2020	A005002092005	2000	調査客体候補名簿（JGD2000）	4255925
農林業センサス	2020	A005002092005	2011	調査客体候補名簿（JGD2011）	4255925
農林業センサス	2020	A005002092007	2000	農山村地域調査（JGD2000）	4255925
農林業センサス	2020	A005002092007	2011	農山村地域調査（JGD2011）	4255925
